id,username,email,password,image
1asdf
2qwer
3zxcv
4mugonygaqamero@mailinator.comPa$$w0rd!
5howewdozyf@mailinator.com$2y$10$lc98jfPYVhuDr3lHTBIgSux0aE7PHH8YPyeS1cCx1MNC0gP0.K/Im
6uiopuiop@uiop.uiop$2y$10$MA3Rx2rfHnVoRbs47.RQMuWyxlLHsYwanw11nrcd0VsajIfOBA0ki
7domdom@dom.dom$2y$10$ivxgFDF8UFodf6rRlOmpt.DuWmjVmVhyp/3u4VoT8Pq0XFA1ppeVu
8prova1prova@prova.prova$2y$10$PsvJ/E.z4UcyiIpjZOBFI.u.ecvlf8fWVGcq929jj4EEUPAqeJOWW
9prova2prova2.prova2@prova2$2y$10$xshyIGJ9WLx3dfdVgQ7V/eWn0.kUA6eAKOEOi3PHR7P46I0gqn0xi
10domdom@dom.dom$2y$10$76xhIJbTPtmt4WZfirUk.OQx.VExwLS4RdtyKxudqAX4pNvN0hozG
11provaprova@prova.prova$2y$10$vLXojl/yghT38IRHIu6Yr.b9MvbqzHGt9YjQPf.XxwjWSPrtvX18C
